Date,Price,Symbol,StockCode,OpenClose_spread,Highlow_spread,5_Days_MA,10_Days_MA,15_Days_MA,30_Days_MA,5_Days_VAR,15_Days_VAR,30_Days_VAR
1970-01-01 00:00:00.000000016,6737.4,AORD,AORD,-163.10000000000036,180.80000000000018,6955.539999999999,7092.69,7113.173333333333,,40594.38799999976,26502.690666666702,
1970-01-01 00:00:00.000000017,6511.5,AORD,AORD,-53.30000000000018,97.5,6811.76,7021.13,7072.513333333333,,45159.40299999951,50584.446952380975,
1970-01-01 00:00:00.000000018,6461.1,AORD,AORD,-225.89999999999964,238.59999999999945,6690.9,6945.12,7029.386666666667,,41557.77499999937,75203.6126666667,
1970-01-01 00:00:00.000000019,6398.5,AORD,AORD,-50.399999999999636,203.69999999999982,6579.839999999999,6864.139999999999,6979.193333333334,,30235.207999999187,99870.76780952387,
1970-01-01 00:00:00.000000020,6472.4,AORD,AORD,-113.10000000000036,127.30000000000018,6516.179999999999,6787.640000000001,6931.666666666667,,16939.8169999991,112762.03666666677,
1970-01-01 00:00:00.000000021,6287.5,AORD,AORD,73.89999999999964,126.19999999999982,6426.2,6690.87,6870.526666666667,,7658.379999998974,133075.36495238106,
1970-01-01 00:00:00.000000022,5822.4,AORD,AORD,-184.89999999999964,184.89999999999964,6288.38,6550.07,6776.88,,73240.02699999853,193066.75742857158,
1970-01-01 00:00:00.000000023,5995.8,AORD,AORD,-465.10000000000036,465.10000000000036,6195.32,6443.110000000001,6695.186666666666,,76357.53699999812,215392.3783809525,
1970-01-01 00:00:00.000000024,5789.3,AORD,AORD,173.40000000000055,395.3000000000002,6073.48,6326.66,6600.586666666667,,88693.83699999774,245614.37552380955,
1970-01-01 00:00:00.000000025,5370.9,AORD,AORD,-206.5,244.30000000000018,5853.18,6184.68,6476.153333333333,,111649.09699999713,308067.4655238095,
1970-01-01 00:00:00.000000026,5590.7,AORD,AORD,-418.40000000000055,433.6999999999998,5713.82,6070.01,6365.1866666666665,,57438.05699999668,307525.3140952379,
1970-01-01 00:00:00.000000027,5058.2,AORD,AORD,219.80000000000018,650.5999999999995,5560.98,5924.68,6220.373333333334,,132749.96699999625,353600.77923809475,
1970-01-01 00:00:00.000000028,5332.8,AORD,AORD,-532.5,532.5,5428.38,5811.85,6104.866666666667,,76520.93699999567,344571.45809523744,
1970-01-01 00:00:00.000000029,4998.8,AORD,AORD,274.60000000000036,290.5,5270.280000000001,5671.88,5974.533333333334,6567.236666666667,58845.35699999489,362278.1723809515,541591.4334367806
1970-01-01 00:00:00.000000030,4809.4,AORD,AORD,-334.0,397.5,5157.98,5505.58,5842.446666666667,6491.52,93652.74199999437,392971.33980952285,633113.8237241368
1970-01-01 00:00:00.000000031,4854.3,AORD,AORD,-189.40000000000055,365.8000000000002,5010.7,5362.26,5716.906666666667,6415.039999999999,42782.229999993615,388620.48209523683,704600.9983448263
1970-01-01 00:00:00.000000032,4564.1,AORD,AORD,44.900000000000546,232.80000000000018,4911.88,5236.43,5587.08,6329.796666666666,79874.31699999294,420389.0674285698,798016.2279195389
1970-01-01 00:00:00.000000033,4753.3,AORD,AORD,-290.1999999999998,425.1999999999998,4795.98,5112.179999999999,5473.2266666666665,6251.306666666667,25076.79699999216,401591.88209523604,856461.7765057457
1970-01-01 00:00:00.000000034,5006.2,AORD,AORD,189.19999999999982,189.19999999999982,4797.46,5033.87,5380.406666666666,6179.8,25838.182999992154,346788.30209523585,876693.7248275848
1970-01-01 00:00:00.000000035,5135.2,AORD,AORD,252.89999999999964,288.0,4862.620000000001,5010.3,5291.259999999999,6111.463333333333,49012.33699999258,257393.298285712,874626.8941264353
1970-01-01 00:00:00.000000036,4874.2,AORD,AORD,129.0,187.60000000000036,4866.6,4938.65,5197.04,6033.783333333334,49008.75499999261,189413.56828571187,879966.4566091939
1970-01-01 00:00:00.000000037,5194.0,AORD,AORD,-261.0,387.1999999999998,4992.58,4952.23,5155.146666666667,5966.013333333333,33091.18199999374,159599.87838094993,850430.1874022972
1970-01-01 00:00:00.000000038,5110.6,AORD,AORD,319.8000000000002,331.8000000000002,5064.04,4930.01,5096.133333333333,5895.66,15876.46799999446,105531.86238094978,816214.6928275845
1970-01-01 00:00:00.000000039,5290.7,AORD,AORD,-83.39999999999964,341.90000000000055,5120.9400000000005,4959.2,5062.8933333333325,5831.740000000001,23836.777999994978,72732.05495237825,765193.3079999981
1970-01-01 00:00:00.000000040,5188.7,AORD,AORD,180.09999999999945,190.69999999999982,5131.639999999999,4997.129999999999,5050.746666666668,5763.45,24790.68299999509,66928.20409523539,706493.8143103429
1970-01-01 00:00:00.000000041,5106.9,AORD,AORD,-102.0,190.59999999999945,5178.18,5022.39,5018.493333333333,5691.84,5667.396999995575,45213.87780952105,639317.9548965496
1970-01-01 00:00:00.000000042,5323.6,AORD,AORD,-81.80000000000018,219.10000000000036,5204.1,5098.34,5036.1866666666665,5628.28,10051.764999995867,51415.138380949655,558188.217517239
1970-01-01 00:00:00.000000043,5301.3,AORD,AORD,216.70000000000073,231.10000000000036,5242.24,5153.14,5034.086666666666,5569.476666666667,8409.83799999628,50146.52838094964,487080.185298848
1970-01-01 00:00:00.000000044,5258.8,AORD,AORD,-22.300000000000182,227.19999999999982,5235.86,5178.4,5051.42,5512.9766666666665,7840.422999996228,53342.54742856869,421025.0611609167
1970-01-01 00:00:00.000000045,5439.4,AORD,AORD,-42.5,192.0,5286.0,5208.82,5093.42,5467.933333333333,14499.01499999667,58020.74742856866,362817.11471264064
1970-01-01 00:00:00.000000046,5439.4,AORD,AORD,180.59999999999945,180.59999999999945,5352.5,5265.34,5132.426666666666,5424.666666666667,6834.889999997185,60856.53209523533,305338.0940229854
1970-01-01 00:00:00.000000047,5542.5,AORD,AORD,0.0,0.0,5396.280000000001,5300.1900000000005,5197.653333333334,5392.366666666667,13255.226999997625,45238.47266666398,264006.3457471232
1970-01-01 00:00:00.000000048,5523.3,AORD,AORD,103.10000000000036,130.20000000000073,5440.679999999999,5341.460000000001,5248.986666666667,5361.1066666666675,12569.246999998086,35886.27266666403,224200.72409195063
1970-01-01 00:00:00.000000049,5467.6,AORD,AORD,-19.199999999999818,113.39999999999964,5482.4400000000005,5359.15,5279.746666666667,5330.076666666667,2300.4629999985627,34075.82695237833,186485.8990919506
1970-01-01 00:00:00.000000050,5544.7,AORD,AORD,-55.69999999999982,123.0,5503.5,5394.75,5307.046666666667,5299.153333333333,2252.0249999988246,36799.19695237833,142088.41636781264
1970-01-01 00:00:00.000000051,5414.7,AORD,AORD,77.09999999999945,150.5,5498.5599999999995,5425.530000000001,5343.08,5270.0599999999995,3165.6779999987634,22853.267428568823,107989.42455172064
1970-01-01 00:00:00.000000052,5278.6,AORD,AORD,-130.0,135.30000000000018,5445.780000000001,5421.030000000001,5348.719999999999,5251.933333333333,11296.436999998063,21528.673142854535,97132.05126436432
1970-01-01 00:00:00.000000053,5276.1,AORD,AORD,-136.09999999999945,143.39999999999964,5396.34,5418.51,5359.753333333333,5227.943333333334,13936.53299999746,17724.852666664065,77476.21702298496
1970-01-01 00:00:00.000000054,5272.8,AORD,AORD,-2.5,149.10000000000036,5357.38,5419.910000000001,5358.56,5210.7266666666665,14585.216999996996,17922.792571425973,66372.71374712286
1970-01-01 00:00:00.000000055,5300.7,AORD,AORD,-1.0,99.09999999999945,5308.58,5406.04,5366.026666666667,5208.386666666667,3639.3769999964866,16041.299238092615,65761.5218850539
1970-01-01 00:00:00.000000056,5388.3,AORD,AORD,27.899999999999636,55.899999999999636,5303.3,5400.93,5384.786666666667,5201.64,2377.9849999964604,10903.471238092523,61790.48041378952
1970-01-01 00:00:00.000000057,5381.2,AORD,AORD,87.60000000000036,114.39999999999964,5323.82,5384.8,5388.626666666666,5212.406666666667,3216.2269999967452,10621.176380949652,62072.86409195047
1970-01-01 00:00:00.000000058,5463.8,AORD,AORD,-7.100000000000364,98.40000000000055,5361.360000000001,5378.85,5399.460000000001,5216.7733333333335,5783.962999997309,10354.366857140087,63732.58891953669
1970-01-01 00:00:00.000000059,5597.7,AORD,AORD,82.60000000000036,82.60000000000036,5426.339999999999,5391.86,5422.053333333333,5236.736666666667,12509.392999998267,11201.29409523524,66685.5789540195
1970-01-01 00:00:00.000000060,5325.0,AORD,AORD,133.89999999999964,159.19999999999982,5431.2,5369.89,5414.426666666666,5253.923333333334,11100.964999998345,11790.29066666384,60351.52185057125
1970-01-01 00:00:00.000000061,5389.5,AORD,AORD,-272.6999999999998,272.6999999999998,5431.44,5367.37,5411.1,5271.763333333334,11075.51299999835,11778.267142854325,55149.254816088534
1970-01-01 00:00:00.000000062,5478.1,AORD,AORD,64.5,151.80000000000018,5450.820000000001,5387.32,5406.806666666667,5302.23,10519.306999998631,10845.877809521005,38388.5959655139
1970-01-01 00:00:00.000000063,5464.8,AORD,AORD,88.60000000000036,88.60000000000036,5451.02,5406.1900000000005,5402.906666666667,5325.946666666667,10525.996999998635,10100.476380949589,28327.577057467963
1970-01-01 00:00:00.000000064,5449.9,AORD,AORD,-13.300000000000182,58.69999999999982,5421.460000000001,5423.9,5401.726666666667,5340.736666666667,4055.3129999982166,9957.780666663873,25105.652057467985
1970-01-01 00:00:00.000000065,5488.0,AORD,AORD,-14.900000000000546,39.69999999999982,5454.06,5442.63,5397.946666666667,5352.496666666667,1507.6229999986472,9014.022666663888,24253.66033333007
1970-01-01 00:00:00.000000066,5559.1,AORD,AORD,38.100000000000364,71.30000000000018,5487.9800000000005,5459.71,5407.573333333334,5375.326666666667,1785.7669999990967,10749.710666663867,17297.831678157683
1970-01-01 00:00:00.000000067,5497.3,AORD,AORD,71.10000000000036,99.39999999999964,5491.82,5471.320000000001,5422.153333333334,5385.4366666666665,1764.6469999991482,9908.861238092406,16571.341022985285
1970-01-01 00:00:00.000000068,5513.7,AORD,AORD,-61.80000000000018,89.20000000000073,5501.6,5476.3099999999995,5437.993333333333,5398.873333333334,1582.249999999274,8714.977809520939,14347.202022985315
1970-01-01 00:00:00.000000069,5418.0,AORD,AORD,16.399999999999636,119.09999999999945,5495.219999999999,5458.34,5447.673333333334,5403.116666666667,2610.386999999205,6693.932095235202,13937.691091950834
1970-01-01 00:00:00.000000070,5492.8,AORD,AORD,-95.69999999999982,95.69999999999982,5496.179999999999,5475.120000000001,5460.48,5413.253333333333,2597.666999999215,5120.724571425649,12523.416367812923
1970-01-01 00:00:00.000000071,5557.5,AORD,AORD,74.80000000000018,81.60000000000036,5495.86,5491.92,5471.759999999999,5428.2733333333335,2547.8429999992104,5284.606857139903,9771.234436778472
1970-01-01 00:00:00.000000072,5658.8,AORD,AORD,64.69999999999982,88.30000000000018,5528.160000000001,5509.99,5490.266666666666,5439.446666666668,7880.572999999618,6830.706666663663,11096.77705746817
1970-01-01 00:00:00.000000073,5680.1,AORD,AORD,101.30000000000018,146.89999999999964,5561.4400000000005,5531.5199999999995,5504.6866666666665,5452.073333333333,12215.29300000004,9131.932666663628,12270.795816088907
1970-01-01 00:00:00.000000074,5660.8,AORD,AORD,21.300000000000182,85.19999999999982,5610.0,5552.61,5508.893333333334,5465.473333333333,6592.045000000639,10235.822095235044,12299.259264364815
1970-01-01 00:00:00.000000075,5608.7,AORD,AORD,-19.300000000000182,68.19999999999982,5633.18,5564.68,5527.806666666667,5471.116666666667,2486.8670000009242,8148.6006666635285,12950.246954020007
1970-01-01 00:00:00.000000076,5729.9,AORD,AORD,-52.19999999999982,76.89999999999964,5667.660000000001,5581.76,5550.5,5480.8,1907.603000001381,9147.75571428244,15127.82827585911
1970-01-01 00:00:00.000000077,5889.9,AORD,AORD,121.09999999999945,121.09999999999945,5713.879999999999,5621.0199999999995,5577.953333333333,5492.38,11565.272000002042,16193.84980952037,20628.96717241087
1970-01-01 00:00:00.000000078,5884.9,AORD,AORD,160.0,160.0,5754.839999999999,5658.14,5605.960000000001,5504.433333333333,16494.80800000272,21168.63399999643,25758.533333330448
1970-01-01 00:00:00.000000079,5957.8,AORD,AORD,-5.0,120.80000000000018,5814.24,5712.12,5639.820000000001,5520.773333333333,20171.668000003767,27042.860285710583,32523.180643675343
1970-01-01 00:00:00.000000080,5872.2,AORD,AORD,72.90000000000055,145.0,5866.94,5750.0599999999995,5665.433333333333,5531.6900000000005,6978.223000004611,28550.753809520036,36638.80162068688
1970-01-01 00:00:00.000000081,5938.4,AORD,AORD,-85.60000000000036,87.10000000000036,5908.639999999999,5788.15,5690.719999999999,5549.1466666666665,1386.25300000528,32380.23885713901,41555.50188505474
1970-01-01 00:00:00.000000082,5960.1,AORD,AORD,66.19999999999982,114.89999999999964,5922.68,5818.280000000001,5721.573333333334,5571.863333333333,1714.0870000055238,33871.33638094847,44321.216885054855
1970-01-01 00:00:00.000000083,6064.9,AORD,AORD,21.700000000000728,62.30000000000018,5958.679999999999,5856.759999999999,5758.319999999999,5598.156666666666,4793.887000006136,37757.55885713885,48971.87288505491
1970-01-01 00:00:00.000000084,6112.0,AORD,AORD,104.79999999999927,107.19999999999982,5989.5199999999995,5901.88,5804.586666666666,5626.13,9481.567000006664,36126.328380948304,53616.7966551699
1970-01-01 00:00:00.000000085,6116.5,AORD,AORD,47.100000000000364,96.80000000000018,6038.38,5952.660000000001,5846.166666666667,5653.323333333333,7087.427000007505,34279.58238094829,57491.75288505498
1970-01-01 00:00:00.000000086,6116.5,AORD,AORD,4.5,52.19999999999982,6074.0,5991.32,5883.433333333333,5677.596666666666,4528.130000008128,32059.553809519693,61857.9396436757
1970-01-01 00:00:00.000000087,6262.9,AORD,AORD,0.0,0.0,6134.56,6028.62,5923.706666666667,5706.986666666666,5621.238000009189,37002.81780951966,69748.14119539983
1970-01-01 00:00:00.000000088,6269.3,AORD,AORD,146.39999999999964,198.10000000000036,6175.4400000000005,6067.0599999999995,5962.986666666666,5733.836666666667,6857.85800000989,39641.87266666252,77866.3775747102
1970-01-01 00:00:00.000000089,6079.5,AORD,AORD,6.400000000000546,90.5,6168.9400000000005,6079.2300000000005,5990.899999999999,5749.8966666666665,8100.008000009784,33254.105714281584,81080.59274712401
1970-01-01 00:00:00.000000090,5959.9,AORD,AORD,-189.80000000000018,199.30000000000018,6137.62,6088.0,6014.3133333333335,5771.0599999999995,17110.77200000932,22301.348380948253,75912.57972413549
1970-01-01 00:00:00.000000091,5830.0,AORD,AORD,-119.60000000000036,216.89999999999964,6080.32,6077.160000000001,6020.986666666667,5785.743333333333,36552.66200000848,18902.238380948234,70789.0584022964
1970-01-01 00:00:00.000000092,6058.1,AORD,AORD,-129.89999999999964,145.69999999999982,6039.36,6086.96,6032.199999999999,5805.076666666667,26245.078000007936,17638.49571428156,69696.65840229641
1970-01-01 00:00:00.000000093,6109.2,AORD,AORD,228.10000000000036,258.89999999999964,6007.339999999999,6091.389999999999,6047.153333333334,5826.556666666666,12964.783000007452,16272.615523805342,68416.00598850331
1970-01-01 00:00:00.000000094,6051.9,AORD,AORD,51.099999999999454,59.69999999999982,6001.82,6085.379999999999,6053.426666666666,5846.623333333334,12121.32700000736,15661.772095233911,64858.39357471021
1970-01-01 00:00:00.000000095,6066.9,AORD,AORD,-57.20000000000073,104.0,6023.219999999999,6080.42,6066.406666666666,5865.92,12168.407000007684,13148.287809519601,61711.5064827562
1970-01-01 00:00:00.000000096,6058.0,AORD,AORD,15.0,74.0,6068.82,6074.57,6074.38,5882.55,538.1270000083827,11914.81314285291,59451.48948275624
1970-01-01 00:00:00.000000097,6069.3,AORD,AORD,-3.600000000000364,87.0,6071.0599999999995,6055.21,6081.66,5901.616666666667,503.1830000084169,10927.0211428529,55160.17454022754
1970-01-01 00:00:00.000000098,6081.6,AORD,AORD,11.300000000000182,121.5,6065.539999999999,6036.4400000000005,6082.7733333333335,5920.546666666666,129.20300000834294,10905.629238090993,50717.56464367585
1970-01-01 00:00:00.000000099,5928.0,AORD,AORD,12.300000000000182,50.5,6040.76,6021.29,6070.506666666667,5937.546666666666,4044.4430000079115,12394.452095233868,41711.78533333104
1970-01-01 00:00:00.000000100,6011.8,AORD,AORD,-153.60000000000036,153.60000000000036,6029.740000000001,6026.48,6063.526666666668,5954.846666666666,3931.488000007724,12437.329238091015,34771.6218850552
1970-01-01 00:00:00.000000101,5915.6,AORD,AORD,83.80000000000018,93.19999999999982,6001.26,6035.039999999999,6050.133333333333,5966.783333333334,5974.928000007256,13607.715238091008,29233.04971264142
1970-01-01 00:00:00.000000102,6001.3,AORD,AORD,-96.19999999999982,136.30000000000018,5987.66,6029.36,6032.693333333333,5978.2,4586.368000007045,10218.624952376733,25868.479310342584
1970-01-01 00:00:00.000000103,6041.0,AORD,AORD,85.69999999999982,141.69999999999982,5979.54,6022.54,6017.473333333333,5990.2300000000005,3009.0580000069094,5976.593523805307,22790.500103446044
1970-01-01 00:00:00.000000104,6142.3,AORD,AORD,39.69999999999982,62.900000000000546,6022.4,6031.58,6021.660000000001,6006.28,6671.445000007532,6795.983999995787,19579.227172411578
1970-01-01 00:00:00.000000105,6163.7,AORD,AORD,101.30000000000018,103.19999999999982,6052.78,6041.26,6035.246666666667,6024.780000000001,10481.097000007954,7766.848380948161,14629.009931032275
1970-01-01 00:00:00.000000106,6125.9,AORD,AORD,21.399999999999636,80.5,6094.84,6048.05,6054.973333333332,6037.98,4901.8380000085945,4927.899238091001,11802.93544827365
1970-01-01 00:00:00.000000107,6126.7,AORD,AORD,-37.80000000000018,60.900000000000546,6119.92,6053.79,6059.546666666667,6045.873333333333,2181.9120000089947,5272.271238090997,11253.77719540009
1970-01-01 00:00:00.000000108,6034.3,AORD,AORD,0.8000000000001819,74.5,6118.58,6049.0599999999995,6054.553333333332,6050.8533333333335,2455.2720000089616,5114.981238091,10339.208781606983
1970-01-01 00:00:00.000000109,6074.9,AORD,AORD,-92.39999999999964,97.0,6105.099999999999,6063.75,6056.086666666667,6054.756666666667,2564.460000008758,5141.529809519569,10044.803229882848
1970-01-01 00:00:00.000000110,6036.3,AORD,AORD,40.599999999999454,83.59999999999945,6079.62,6066.2,6054.046666666667,6060.2266666666665,2077.792000008384,5156.684095233858,8876.392367813885
1970-01-01 00:00:00.000000111,6089.3,AORD,AORD,-38.599999999999454,59.5,6072.3,6083.57,6056.133333333333,6065.256666666667,1498.7800000082912,5239.67380951957,8367.581850572515
1970-01-01 00:00:00.000000112,6045.5,AORD,AORD,53.0,88.39999999999964,6056.06,6087.99,6054.546666666666,6068.1033333333335,608.828000008084,5232.6698095195725,7991.350678158733
1970-01-01 00:00:00.000000113,6160.4,AORD,AORD,-43.80000000000018,63.69999999999982,6081.28,6099.93,6059.8,6071.286666666667,2417.1020000083836,5951.175714281469,8274.26119540012
1970-01-01 00:00:00.000000114,6123.0,AORD,AORD,114.89999999999964,114.89999999999964,6090.9,6098.0,6072.8,6071.653333333334,2726.3850000084844,4814.604285710031,8309.18050574495
1970-01-01 00:00:00.000000115,6144.9,AORD,AORD,-37.399999999999636,83.89999999999964,6112.62,6096.12,6081.673333333333,6072.6,2120.3970000087133,4835.773523805258,8423.903448273686
1970-01-01 00:00:00.000000116,6112.3,AORD,AORD,21.899999999999636,47.099999999999454,6117.219999999999,6094.76,6094.786666666667,6072.46,1958.0170000087685,2748.505523805253,8411.775586204722
1970-01-01 00:00:00.000000117,6268.8,AORD,AORD,-32.599999999999454,50.30000000000018,6161.879999999999,6108.97,6112.62,6072.656666666667,3923.057000009284,3946.3959999957156,8490.425298848406
1970-01-01 00:00:00.000000118,6192.6,AORD,AORD,156.5,160.0,6168.320000000001,6124.8,6122.7266666666665,6070.1,4106.597000009356,3927.482095233795,7646.346206894375
1970-01-01 00:00:00.000000119,6213.9,AORD,AORD,-76.19999999999982,95.5,6186.5,6138.7,6127.5,6074.58,3699.3650000095263,4469.459999995686,8335.586482756458
1970-01-01 00:00:00.000000120,6148.0,AORD,AORD,21.299999999999272,50.0,6187.12,6149.870000000001,6126.453333333334,6080.85,3636.8070000095327,4404.701238090927,8027.297068963378
1970-01-01 00:00:00.000000121,6169.6,AORD,AORD,-65.89999999999964,81.09999999999945,6198.58,6157.9,6129.366666666667,6092.17,2149.872000009619,4528.559523805203,5996.4890689634385
1970-01-01 00:00:00.000000122,6146.8,AORD,AORD,21.600000000000364,32.0,6174.18,6168.030000000001,6130.706666666666,6095.126666666666,843.2520000094214,4547.836380948055,6050.330988503689
1970-01-01 00:00:00.000000123,6128.0,AORD,AORD,-22.800000000000182,93.5,6161.26,6164.789999999999,6136.953333333334,6095.753333333333,1082.9180000093017,3842.6769523766006,6080.359126434728
1970-01-01 00:00:00.000000124,6177.5,AORD,AORD,-18.800000000000182,52.19999999999982,6153.9800000000005,6170.24,6143.793333333333,6099.9400000000005,389.86200000924913,3634.936380947991,6226.343862066946
1970-01-01 00:00:00.000000125,6058.3,AORD,AORD,49.5,63.600000000000364,6136.04,6161.58,6145.259999999999,6099.653333333334,2267.283000009083,3329.366857138458,6248.4053333313095
1970-01-01 00:00:00.000000126,6053.9,AORD,AORD,-119.19999999999982,153.89999999999964,6112.9,6155.74,6142.9,6099.516666666666,3003.1350000088623,3695.9085714241837,6260.743505745101
1970-01-01 00:00:00.000000127,6166.5,AORD,AORD,-4.400000000000546,82.80000000000018,6116.84,6145.51,6150.966666666666,6102.756666666667,3414.6680000089054,2988.3466666622567,6373.115643676166
1970-01-01 00:00:00.000000128,6135.9,AORD,AORD,112.60000000000036,134.80000000000018,6118.42,6139.84,6149.333333333333,6104.566666666667,3471.2320000089194,2995.3466666622626,6392.1705747106635
1970-01-01 00:00:00.000000129,6180.3,AORD,AORD,-30.600000000000364,67.0,6118.9800000000005,6136.48,6153.153333333334,6112.9766666666665,3555.512000008942,2998.675523805109,5441.753574710731
1970-01-01 00:00:00.000000130,6144.9,AORD,AORD,44.400000000000546,50.80000000000018,6136.3,6136.17,6153.153333333334,6117.413333333334,2427.980000009153,2998.675523805109,5103.541885055596
1970-01-01 00:00:00.000000131,6247.1,AORD,AORD,-35.400000000000546,46.900000000000546,6174.94,6143.92,6162.14,6128.463333333333,1933.3880000095999,3423.3597142812787,4152.746540228108
1970-01-01 00:00:00.000000132,6272.1,AORD,AORD,102.20000000000073,116.20000000000073,6196.0599999999995,6156.45,6162.36,6137.49,3718.028000009879,3474.36828570985,4222.282999998301
1970-01-01 00:00:00.000000133,6257.0,AORD,AORD,25.0,72.59999999999945,6220.280000000001,6169.35,6166.653333333334,6144.69,3008.3820000101623,4029.066952376503,4340.1147241362905
1970-01-01 00:00:00.000000134,6223.9,AORD,AORD,-15.100000000000364,54.099999999999454,6229.0,6173.99,6167.320000000001,6147.41,2517.010000010271,4103.228857138404,4548.616793101829
1970-01-01 00:00:00.000000135,6261.7,AORD,AORD,-33.100000000000364,77.30000000000018,6252.36,6194.33,6174.9,6150.676666666666,334.0180000105225,4651.2628571383775,4978.848057469671
1970-01-01 00:00:00.000000136,6218.5,AORD,AORD,37.80000000000018,48.0,6246.639999999999,6210.79,6178.160000000001,6153.763333333333,572.8280000104511,4773.652571424081,5106.444471262797
1970-01-01 00:00:00.000000137,6268.7,AORD,AORD,-43.19999999999982,61.69999999999982,6245.96,6221.01,6186.286666666667,6158.496666666668,531.8580000104367,5218.181238090724,5513.543781607658
1970-01-01 00:00:00.000000138,6314.1,AORD,AORD,50.19999999999982,65.10000000000036,6257.38,6238.83,6198.693333333334,6167.823333333333,1499.1320000105993,5977.4692380907145,5726.577712642213
1970-01-01 00:00:00.000000139,6271.7,AORD,AORD,45.400000000000546,70.69999999999982,6266.94,6247.97,6204.973333333333,6174.383333333333,1155.928000010716,6283.843523804989,5756.391781607773
1970-01-01 00:00:00.000000140,6270.7,AORD,AORD,-42.400000000000546,63.30000000000018,6268.74,6260.55,6219.133333333333,6182.196666666668,1148.5480000107377,4840.939523804968,5355.648609194041
1970-01-01 00:00:00.000000141,6300.3,AORD,AORD,-1.0,56.80000000000018,6285.1,6265.870000000001,6235.56,6189.23,431.98000001093953,3072.256857138262,5487.875275860766
1970-01-01 00:00:00.000000142,6332.0,AORD,AORD,29.600000000000364,43.400000000000546,6297.76,6271.860000000001,6246.593333333334,6198.78,714.2980000111029,3265.4978095191914,5384.043724136709
1970-01-01 00:00:00.000000143,6294.5,AORD,AORD,31.699999999999818,69.59999999999945,6293.839999999999,6275.610000000001,6257.166666666667,6203.25,630.9980000110497,2434.4338095191656,5628.52189655054
1970-01-01 00:00:00.000000144,6310.6,AORD,AORD,-37.5,73.10000000000036,6301.620000000001,6284.280000000001,6265.853333333333,6209.503333333333,503.01700001114864,2135.4883809477187,5763.378264366697
1970-01-01 00:00:00.000000145,6260.8,AORD,AORD,16.100000000000364,48.100000000000364,6299.64,6284.19,6273.58,6213.366666666667,675.6730000111123,1028.367428566743,5694.757471263285
1970-01-01 00:00:00.000000146,6245.9,AORD,AORD,-49.80000000000018,68.30000000000018,6288.76,6286.929999999999,6273.5,6217.820000000001,1249.5930000109747,1033.0028571381729,5358.5154482748185
1970-01-01 00:00:00.000000147,6143.2,AORD,AORD,-14.900000000000546,31.5,6251.0,6274.38,6264.906666666667,6213.633333333333,4296.825000010484,2166.463523804847,5442.768505746051
1970-01-01 00:00:00.000000148,6251.8,AORD,AORD,-102.69999999999982,148.89999999999964,6242.460000000001,6268.15,6264.56,6215.606666666666,3732.758000010364,2174.1397142810374,5473.715816090894
1970-01-01 00:00:00.000000149,6301.0,AORD,AORD,108.60000000000036,120.10000000000036,6240.539999999999,6271.08,6269.7,6218.509999999999,3424.118000010325,2122.592857138173,5716.344379309306
1970-01-01 00:00:00.000000150,6108.8,AORD,AORD,49.19999999999982,64.39999999999964,6210.14,6254.89,6259.506666666666,6217.203333333334,6505.158000009905,3855.896380947703,5958.1858505736645
1970-01-01 00:00:00.000000151,6129.9,AORD,AORD,-192.19999999999982,199.0,6186.9400000000005,6237.85,6253.6,6215.88,7122.278000009626,4898.254285709631,6141.056827585156
1970-01-01 00:00:00.000000152,6190.2,AORD,AORD,21.099999999999454,90.19999999999982,6196.34,6223.67,6248.366666666667,6217.326666666666,6536.18800000974,5139.7352380905995,5997.0785747116015
1970-01-01 00:00:00.000000153,6058.9,AORD,AORD,60.30000000000018,80.60000000000036,6157.76,6200.11,6231.353333333333,6215.0233333333335,8629.153000009235,7085.088380947786,6581.926678159869
1970-01-01 00:00:00.000000154,6090.0,AORD,AORD,-131.30000000000018,157.69999999999982,6115.56,6178.05,6219.24,6212.1066666666675,2421.5330000086838,8238.796857138299,7063.568919539169
1970-01-01 00:00:00.000000155,6038.9,AORD,AORD,31.100000000000364,81.40000000000055,6101.58,6155.859999999999,6203.786666666667,6211.46,3634.9970000085104,10116.818380947892,7281.896965516185
1970-01-01 00:00:00.000000156,6078.5,AORD,AORD,-51.100000000000364,74.10000000000036,6091.3,6139.12,6189.0,6212.28,3435.565000008368,10338.407142852726,7034.76027586101
1970-01-01 00:00:00.000000157,6079.3,AORD,AORD,39.600000000000364,42.400000000000546,6069.12,6132.73,6172.153333333334,6209.373333333333,411.3220000080403,9433.259809519495,7563.533057470197
1970-01-01 00:00:00.000000158,6146.9,AORD,AORD,0.8000000000001819,31.5,6086.719999999999,6122.24,6162.3133333333335,6209.74,1510.4420000082835,8305.8769523767,7511.827999998933
1970-01-01 00:00:00.000000159,6069.2,AORD,AORD,67.59999999999945,69.80000000000018,6082.5599999999995,6099.0599999999995,6146.22,6206.036666666667,1562.8580000082218,7077.035999995845,8148.839643677089
1970-01-01 00:00:00.000000160,6057.6,AORD,AORD,-77.69999999999982,78.10000000000036,6086.3,6093.94,6132.673333333334,6203.126666666667,1224.575000008267,6503.624952376873,8770.9675402288
1970-01-01 00:00:00.000000161,6013.5,AORD,AORD,-11.599999999999454,54.399999999999636,6073.3,6082.3,6117.179999999999,6195.34,2323.0750000080984,6345.150285710289,9881.507310343713
1970-01-01 00:00:00.000000162,5973.5,AORD,AORD,-44.100000000000364,60.399999999999636,6052.14,6060.63,6105.866666666667,6185.386666666667,4244.403000007831,7634.223809519876,11272.846022987356
1970-01-01 00:00:00.000000163,6111.3,AORD,AORD,-40.0,62.19999999999982,6045.0199999999995,6065.87,6096.5,6180.53,2811.147000007763,6021.149999996116,11260.871827585046
1970-01-01 00:00:00.000000164,6056.5,AORD,AORD,137.80000000000018,146.69999999999982,6042.4800000000005,6062.5199999999995,6080.2,6174.95,2689.862000007734,2863.607142853363,11694.264655171242
1970-01-01 00:00:00.000000165,6140.5,AORD,AORD,-54.80000000000018,101.40000000000055,6059.0599999999995,6072.68,6082.313333333334,6170.91,4691.068000007945,3060.1169523771537,11458.80231034365
1970-01-01 00:00:00.000000166,6134.9,AORD,AORD,84.0,92.89999999999964,6083.34,6078.320000000001,6082.6466666666665,6168.123333333333,4873.168000008251,3095.7740952342947,11417.386678159735
1970-01-01 00:00:00.000000167,6141.5,AORD,AORD,-5.600000000000364,35.599999999999454,6116.9400000000005,6084.54,6079.4,6163.883333333333,1291.4080000086788,2505.622857139082,11074.41454022869
1970-01-01 00:00:00.000000168,6009.3,AORD,AORD,6.600000000000364,57.600000000000364,6096.54,6070.780000000001,6076.093333333334,6153.723333333333,3659.848000008432,2814.8906666629205,11013.524609194179
1970-01-01 00:00:00.000000169,6069.4,AORD,AORD,-132.19999999999982,132.19999999999982,6099.12,6070.8,6074.72,6146.98,3434.8720000084677,2802.2559999962677,10731.72303448153
1970-01-01 00:00:00.000000170,5983.2,AORD,AORD,60.099999999999454,102.0,6067.66,6063.36,6071.006666666666,6137.396666666667,5128.993000008109,3294.113523805831,11033.862402297613
1970-01-01 00:00:00.000000171,6135.1,AORD,AORD,-86.19999999999982,99.09999999999945,6067.7,6075.52,6074.78,6131.889999999999,5135.7250000081385,3568.2731428534175,10087.589206895302
1970-01-01 00:00:00.000000172,6164.2,AORD,AORD,151.90000000000055,153.30000000000018,6072.24,6094.589999999999,6080.44,6126.296666666666,6076.413000008182,4103.628285710509,8710.394816090697
1970-01-01 00:00:00.000000173,6239.6,AORD,AORD,29.099999999999454,57.100000000000364,6118.3,6107.42,6086.62,6124.466666666666,9436.490000008751,5556.634571424748,8174.009195401041
1970-01-01 00:00:00.000000174,6306.0,AORD,AORD,75.40000000000055,97.90000000000055,6165.62,6132.37,6102.406666666667,6124.3133333333335,14847.532000009287,8705.623523805547,8115.665333332074
1970-01-01 00:00:00.000000175,6312.5,AORD,AORD,66.39999999999964,88.89999999999964,6231.4800000000005,6149.57,6119.4,6126.036666666667,6499.7770000100545,11405.621428567294,8691.407229883798
1970-01-01 00:00:00.000000176,6343.0,AORD,AORD,6.699999999999818,42.0,6273.0599999999995,6170.38,6141.366666666667,6129.2733333333335,5125.558000010607,13658.773809519493,9808.358574711392
1970-01-01 00:00:00.000000177,6400.2,AORD,AORD,30.5,36.80000000000018,6320.26,6196.25,6169.8133333333335,6137.839999999999,3419.278000011143,15564.294095233545,12256.830068964275
1970-01-01 00:00:00.000000178,6387.4,AORD,AORD,57.099999999999454,75.39999999999964,6349.82,6234.0599999999995,6188.219999999999,6142.360000000001,1827.4720000114628,18338.44171428101,13935.46455172289
1970-01-01 00:00:00.000000179,6414.2,AORD,AORD,-12.800000000000182,24.5,6371.46,6268.54,6212.066666666667,6146.133333333333,1798.2580000116666,20137.50238094746,15601.091954021736
1970-01-01 00:00:00.000000180,6385.0,AORD,AORD,26.800000000000182,51.600000000000364,6385.96,6308.719999999999,6228.366666666667,6155.339999999999,712.2080000118003,21623.130952375872,17432.837655171163
1970-01-01 00:00:00.000000181,6435.6,AORD,AORD,-29.199999999999818,51.29999999999927,6404.4800000000005,6338.7699999999995,6248.413333333333,6165.53,438.1120000119823,23636.102666661398,20011.57527586083
1970-01-01 00:00:00.000000182,6396.8,AORD,AORD,50.600000000000364,70.60000000000036,6403.8,6362.030000000001,6265.433333333333,6172.416666666667,447.70000001197343,24082.026666661237,21785.865574711414
1970-01-01 00:00:00.000000183,6403.1,AORD,AORD,-38.80000000000018,54.399999999999636,6406.9400000000005,6378.379999999999,6291.6866666666665,6183.889999999999,368.258000012004,20011.259809518142,23040.336103447065
1970-01-01 00:00:00.000000184,6383.7,AORD,AORD,6.300000000000182,25.399999999999636,6400.84,6386.15,6312.64,6193.679999999999,443.593000011928,16616.22114285127,24013.90096551604
1970-01-01 00:00:00.000000185,6373.7,AORD,AORD,-19.400000000000546,90.40000000000055,6398.58,6392.27,6338.673333333334,6204.839999999999,558.627000011907,8404.192095232003,24176.452137929846
1970-01-01 00:00:00.000000186,6357.3,AORD,AORD,-10.0,37.5,6382.92,6393.7,6353.486666666667,6214.133333333333,335.47200001171916,5233.715523803327,24338.220229883886
1970-01-01 00:00:00.000000187,6247.2,AORD,AORD,-16.399999999999636,58.69999999999982,6353.0,6378.4,6359.02,6219.73,3773.2800000113903,3448.5831428508986,23716.62355172298
1970-01-01 00:00:00.000000188,6262.5,AORD,AORD,-110.10000000000036,128.0,6324.88,6365.91,6360.546666666666,6223.583333333333,4204.922000011054,3092.869809517562,23581.4379885046
1970-01-01 00:00:00.000000189,6168.0,AORD,AORD,15.300000000000182,60.599999999999454,6281.74,6341.29,6351.346666666666,6226.876666666666,7166.483000010613,5437.8183809462,22854.883229883915
1970-01-01 00:00:00.000000190,6133.2,AORD,AORD,-93.80000000000018,116.0,6233.639999999999,6316.11,6339.3933333333325,6229.3966666666665,7676.3430000102,8576.080666660584,22162.821712642548
1970-01-01 00:00:00.000000191,6147.4,AORD,AORD,-34.80000000000018,62.600000000000364,6191.66,6287.29,6326.353333333333,6233.86,3509.8280000098403,11025.924095232132,20766.76799999888
1970-01-01 00:00:00.000000192,6262.8,AORD,AORD,14.199999999999818,52.900000000000546,6194.78,6273.89,6317.193333333333,6243.503333333333,3991.7120000098853,10835.00352380364,18361.95343678051
1970-01-01 00:00:00.000000193,6265.0,AORD,AORD,115.40000000000055,139.0,6195.28,6260.08,6309.033333333334,6248.626666666667,4077.61200000989,10606.173809518003,17748.05443678052
1970-01-01 00:00:00.000000194,6344.0,AORD,AORD,2.199999999999818,113.39999999999964,6230.48,6256.110000000001,6304.353333333333,6258.210000000001,7872.172000010247,9880.038380946617,16693.854724136876
1970-01-01 00:00:00.000000195,6395.0,AORD,AORD,79.0,82.0,6282.839999999999,6258.24,6305.0199999999995,6266.693333333334,8846.068000010791,10001.914571422802,16786.849609194374
1970-01-01 00:00:00.000000196,6515.7,AORD,AORD,51.0,65.80000000000018,6356.5,6274.08,6310.36,6279.386666666667,11033.770000011576,11923.856857137025,18159.305333332337
1970-01-01 00:00:00.000000197,6544.0,AORD,AORD,120.69999999999982,122.69999999999982,6412.74,6303.76,6320.173333333334,6292.803333333333,13674.238000012261,15186.089238089311,19731.969988504778
1970-01-01 00:00:00.000000198,6651.1,AORD,AORD,28.300000000000182,131.5,6489.960000000001,6342.62,6336.706666666666,6314.196666666667,14967.67300001322,22224.329238089183,20913.767229884135
1970-01-01 00:00:00.000000199,6619.4,AORD,AORD,107.10000000000036,108.30000000000018,6545.04,6387.76,6352.419999999999,6332.53,10038.013000013827,27510.294571422382,21711.70975861979
1970-01-01 00:00:00.000000200,6609.3,AORD,AORD,-31.700000000000728,71.90000000000055,6587.9,6435.370000000001,6368.126666666666,6353.4,3146.1250000143414,31927.00923808892,19694.588275861228
1970-01-01 00:00:00.000000201,6687.0,AORD,AORD,-10.099999999999454,38.0,6622.160000000001,6489.33,6390.106666666666,6371.796666666667,2830.933000014783,38663.87923808874,21538.7589540222
1970-01-01 00:00:00.000000202,6697.8,AORD,AORD,77.69999999999982,80.80000000000018,6652.92,6532.83,6420.1466666666665,6389.583333333333,1551.3170000152013,43000.796952374236,23390.166954022247
1970-01-01 00:00:00.000000203,6726.5,AORD,AORD,10.800000000000182,43.100000000000364,6668.0,6578.9800000000005,6451.08,6405.8133333333335,2619.7350000154142,46904.14171427876,26256.217057470556
1970-01-01 00:00:00.000000204,6742.7,AORD,AORD,28.699999999999818,43.80000000000018,6692.660000000001,6618.85,6489.3933333333325,6420.37,2664.1230000157357,45681.94638094512,29607.011137930356
1970-01-01 00:00:00.000000205,6739.9,AORD,AORD,16.199999999999818,47.30000000000018,6718.780000000001,6653.339999999999,6529.84,6434.616666666667,631.9870000161137,39349.15399999239,32516.475229884403
1970-01-01 00:00:00.000000206,6772.0,AORD,AORD,-2.800000000000182,27.199999999999818,6735.780000000001,6678.969999999999,6571.4800000000005,6448.916666666667,726.3370000163526,31232.92314284917,35940.58557471201
1970-01-01 00:00:00.000000207,6855.5,AORD,AORD,32.100000000000364,60.600000000000364,6767.32,6710.12,6610.993333333334,6464.093333333334,2705.4720000168236,28516.099238086932,41320.818574712015
1970-01-01 00:00:00.000000208,6888.2,AORD,AORD,83.5,98.89999999999964,6799.659999999999,6733.83,6652.54,6480.786666666666,4634.553000017315,23604.689714277054,47032.0108505741
1970-01-01 00:00:00.000000209,6848.8,AORD,AORD,32.69999999999982,67.60000000000036,6820.88,6756.7699999999995,6686.193333333334,6495.2733333333335,3864.2670000176445,18342.750666657732,51332.15305747068
1970-01-01 00:00:00.000000210,6816.8,AORD,AORD,-39.399999999999636,45.399999999999636,6836.26,6777.5199999999995,6714.313333333334,6509.666666666667,1933.3080000178588,12657.288380943226,54263.33057471208
1970-01-01 00:00:00.000000211,6742.1,AORD,AORD,-32.0,45.30000000000018,6830.280000000001,6783.030000000001,6729.406666666666,6519.883333333333,3072.797000017762,9650.696380943105,55829.12281609142
1970-01-01 00:00:00.000000212,6812.2,AORD,AORD,-74.69999999999982,118.69999999999982,6821.62,6794.469999999999,6747.286666666667,6533.7300000000005,2901.7620000176416,7342.388380942956,58054.90286206847
1970-01-01 00:00:00.000000213,6811.3,AORD,AORD,70.09999999999945,101.19999999999982,6806.240000000001,6802.95,6757.966666666666,6547.336666666667,1524.4830000174359,6852.023809514304,59931.684471263914
1970-01-01 00:00:00.000000214,6847.3,AORD,AORD,-0.8999999999996362,56.400000000000546,6805.94,6813.409999999999,6773.160000000001,6562.789999999999,1493.013000017434,5803.249714276063,61863.99058620648
1970-01-01 00:00:00.000000215,6865.3,AORD,AORD,36.0,50.399999999999636,6815.639999999999,6825.95,6790.226666666667,6579.176666666667,2226.818000017565,4179.7220952282905,63508.87288505709
1970-01-01 00:00:00.000000216,6908.9,AORD,AORD,18.0,33.0,6849.0,6839.640000000001,6805.02,6597.5633333333335,1658.0300000180123,4190.077428561472,65210.46378160887
1970-01-01 00:00:00.000000217,6922.2,AORD,AORD,43.599999999999454,82.69999999999982,6871.0,6846.31,6819.98,6620.063333333334,2054.0300000182974,4109.934571418451,64087.946540229634
1970-01-01 00:00:00.000000218,6965.4,AORD,AORD,13.300000000000182,38.5,6901.82,6854.030000000001,6835.906666666667,6643.493333333334,2203.507000018725,4724.476380942092,63223.702712643506
1970-01-01 00:00:00.000000219,6917.1,AORD,AORD,43.19999999999982,57.80000000000018,6915.780000000001,6860.860000000001,6847.533333333334,6668.463333333334,1275.1670000189356,4429.989523799129,57363.7603333333
1970-01-01 00:00:00.000000220,6886.4,AORD,AORD,-48.29999999999927,52.899999999999636,6920.0,6867.82,6857.3,6693.570000000001,831.6450000190032,3608.1942857038016,48469.940103448374
1970-01-01 00:00:00.000000221,6900.3,AORD,AORD,-30.700000000000728,47.899999999999636,6918.279999999999,6883.639999999999,6865.853333333333,6718.666666666667,894.1670000189758,3142.1598095132545,39005.81402298876
1970-01-01 00:00:00.000000222,6866.7,AORD,AORD,13.900000000000546,46.5,6907.18,6889.089999999999,6866.6,6738.796666666666,1401.4370000188178,3133.957142846582,32176.260333333725
1970-01-01 00:00:00.000000223,6916.7,AORD,AORD,-33.600000000000364,42.80000000000018,6897.44,6899.63,6868.5,6760.5199999999995,458.11800001868164,3276.0499999894196,25038.647172414334
1970-01-01 00:00:00.000000224,7000.1,AORD,AORD,50.0,87.90000000000055,6914.039999999999,6914.910000000001,6878.586666666666,6782.389999999999,2651.8080000189584,4376.361238084562,20540.74231034552
1970-01-01 00:00:00.000000225,6924.1,AORD,AORD,83.40000000000055,83.40000000000055,6921.58,6920.789999999999,6885.740000000001,6800.026666666667,2415.052000019077,4196.812571417821,15736.575126437601
1970-01-01 00:00:00.000000226,6920.0,AORD,AORD,-76.0,85.59999999999945,6925.5199999999995,6921.9,6897.6,6813.503333333333,2283.0620000191416,2656.1985714176985,13257.379643679076
1970-01-01 00:00:00.000000227,6845.5,AORD,AORD,-4.100000000000364,42.600000000000364,6921.280000000001,6914.2300000000005,6899.820000000001,6823.553333333333,2996.4420000190803,2323.864571417674,10683.643954023988
1970-01-01 00:00:00.000000228,6892.6,AORD,AORD,-74.5,88.69999999999982,6916.460000000001,6906.95,6905.240000000001,6831.6033333333335,3167.7930000190086,1736.4139999890463,9755.478954024053
1970-01-01 00:00:00.000000229,6917.5,AORD,AORD,47.100000000000364,65.19999999999982,6899.94,6906.99,6909.92,6841.54,1078.0130000187648,1483.894571417568,8354.991448276995
1970-01-01 00:00:00.000000230,6962.1,AORD,AORD,24.899999999999636,61.0,6907.540000000001,6914.56,6916.373333333333,6853.3,1825.8530000188941,1491.5463809413197,6853.280000001223
1970-01-01 00:00:00.000000231,6942.9,AORD,AORD,44.600000000000364,61.30000000000018,6912.120000000001,6918.82,6918.64,6861.83,2073.4020000189616,1532.3139999889142,6101.198724139217
1970-01-01 00:00:00.000000232,6850.6,AORD,AORD,-19.200000000000728,72.60000000000036,6913.140000000001,6917.210000000001,6913.866666666667,6866.923333333334,1908.7230000189734,1837.6709523699126,5150.923229886385
1970-01-01 00:00:00.000000233,6953.7,AORD,AORD,-92.29999999999927,92.69999999999982,6925.360000000001,6920.910000000001,6913.086666666667,6874.496666666667,2027.868000019158,1760.6626666556383,4671.296195403689
1970-01-01 00:00:00.000000234,6955.7,AORD,AORD,103.09999999999945,103.09999999999945,6933.0,6916.469999999999,6915.660000000001,6881.596666666666,2169.590000019272,1882.123999988946,4247.54860919685
1970-01-01 00:00:00.000000235,6881.4,AORD,AORD,2.0,51.0,6916.860000000001,6912.2,6915.326666666666,6886.3133333333335,2297.903000019015,1904.6906666556145,3532.1929195417115
1970-01-01 00:00:00.000000236,6980.5,AORD,AORD,-74.30000000000018,94.30000000000018,6924.38,6918.25,6920.673333333334,6893.263333333333,3070.207000019157,2161.3306666555723,3337.5210229900395
1970-01-01 00:00:00.000000237,7024.2,AORD,AORD,99.10000000000036,120.70000000000073,6959.1,6936.12,6931.173333333333,6898.886666666667,2693.495000019812,2600.680666655486,3846.8205057487035
1970-01-01 00:00:00.000000238,6959.5,AORD,AORD,43.69999999999982,43.69999999999982,6960.26,6942.8099999999995,6934.026666666667,6901.263333333334,2684.5630000198344,2634.309238084038,3963.727919541825
1970-01-01 00:00:00.000000239,6939.1,AORD,AORD,-64.69999999999982,74.30000000000018,6956.94,6944.969999999999,6929.96,6904.273333333333,2777.5230000197676,2306.59399998882,3908.8109885073686
1970-01-01 00:00:00.000000240,6953.9,AORD,AORD,-20.399999999999636,53.19999999999982,6971.44,6944.15,6931.946666666667,6908.843333333334,1090.4480000200292,2340.849809512617,3708.2825402315502
1970-01-01 00:00:00.000000241,6982.7,AORD,AORD,14.799999999999272,33.399999999999636,6971.879999999999,6948.13,6936.126666666666,6916.863333333333,1101.382000020038,2495.9278095125906,2871.1051609212877
1970-01-01 00:00:00.000000242,6986.8,AORD,AORD,28.800000000000182,55.100000000000364,6964.4,6961.75,6945.546666666666,6922.683333333333,402.7500000198937,1997.609809512531,2626.986264369626
1970-01-01 00:00:00.000000243,6935.4,AORD,AORD,4.100000000000364,37.19999999999982,6959.58,6959.92,6948.4,6926.820000000001,577.957000019811,1796.0014285601344,2187.0588965535803
1970-01-01 00:00:00.000000244,7015.0,AORD,AORD,-51.400000000000546,63.400000000000546,6974.759999999999,6965.85,6954.9,6932.410000000001,952.9030000200918,1999.3585714172293,2204.811965519153
1970-01-01 00:00:00.000000245,7051.0,AORD,AORD,79.60000000000036,83.80000000000018,6994.18,6982.81,6960.826666666667,6938.6,1825.8320000204271,2617.6792380838565,2494.8241379330034
1970-01-01 00:00:00.000000246,7107.1,AORD,AORD,36.0,49.399999999999636,7019.06,6995.469999999999,6971.773333333333,6945.206666666667,4206.84800002088,3994.6135237980816,3398.2971954043273
1970-01-01 00:00:00.000000247,7078.9,AORD,AORD,56.100000000000364,62.600000000000364,7037.4800000000005,7000.94,6986.993333333334,6950.429999999999,4417.757000021212,3517.3578095122825,3968.1628620710367
1970-01-01 00:00:00.000000248,7111.4,AORD,AORD,-28.200000000000728,35.30000000000018,7072.68,7016.13,6997.506666666666,6955.296666666666,1629.9170000218335,4425.2592380836495,4829.428609197513
1970-01-01 00:00:00.000000249,7060.2,AORD,AORD,32.5,39.70000000000073,7081.719999999999,7028.24,7004.473333333332,6960.066666666667,734.9570000219934,4529.162095226465,5135.05402299066
1970-01-01 00:00:00.000000250,6917.6,AORD,AORD,-51.19999999999982,65.39999999999964,7055.039999999999,7024.609999999999,7006.886666666667,6961.106666666666,6343.093000021529,3980.0598095121563,5008.99167816308
1970-01-01 00:00:00.000000251,6870.9,AORD,AORD,-142.59999999999945,193.19999999999982,7007.8,7013.43,6999.58,6960.126666666667,11352.895000020817,5194.010285702684,5161.094436783762
1970-01-01 00:00:00.000000252,6922.8,AORD,AORD,-46.70000000000073,151.89999999999964,6976.58,7007.030000000001,6992.820000000001,6961.996666666667,10676.982000020342,5522.835999988433,4904.5368850596415
1970-01-01 00:00:00.000000253,7027.5,AORD,AORD,51.900000000000546,162.5,6959.8,7016.240000000001,6997.3533333333335,6965.6900000000005,6429.125000020091,5507.422666655078,4967.629206898761
1970-01-01 00:00:00.000000254,7090.9,AORD,AORD,104.69999999999982,116.0,6965.94,7023.83,7007.473333333332,6968.716666666666,8158.763000020155,5780.373523797897,5457.9283333355725
1970-01-01 00:00:00.000000255,7037.9,AORD,AORD,63.399999999999636,88.89999999999964,6990.0,7022.5199999999995,7013.073333333334,6972.509999999999,8145.5300000205225,5607.89352379787,5539.445758622964
1970-01-01 00:00:00.000000256,7112.9,AORD,AORD,-53.0,69.0,7038.4,7023.1,7021.753333333332,6978.9400000000005,5447.230000021225,6173.085523797831,6081.228689657496
1970-01-01 00:00:00.000000257,7160.8,AORD,AORD,75.0,83.0,7086.0,7031.289999999999,7033.3533333333335,6989.45,3019.6300000219208,7322.645523797792,6493.4018965541345
1970-01-01 00:00:00.000000258,7102.1,AORD,AORD,47.900000000000546,68.30000000000018,7100.92,7030.360000000001,7044.466666666666,6996.433333333333,1950.6120000221313,6842.549523797739,6557.094712646149
1970-01-01 00:00:00.000000259,7133.8,AORD,AORD,-58.69999999999982,79.39999999999964,7109.5,7037.719999999999,7052.386666666666,7003.6433333333325,2103.765000022236,7283.354095226272,6939.150126439305
1970-01-01 00:00:00.000000260,7122.1,AORD,AORD,31.699999999999818,42.599999999999454,7126.340000000001,7058.17,7057.126666666666,7008.9766666666665,507.3330000224145,7606.283523797675,7334.074264370378
1970-01-01 00:00:00.000000261,7081.3,AORD,AORD,-11.699999999999818,35.599999999999454,7120.0199999999995,7079.210000000001,7055.406666666667,7013.589999999999,919.397000022341,7466.472095226256,7341.869206899139
1970-01-01 00:00:00.000000262,7149.7,AORD,AORD,-40.80000000000018,51.399999999999636,7117.8,7101.9,7060.126666666666,7023.5599999999995,717.7100000223052,8038.26638094051,6961.805931037121
1970-01-01 00:00:00.000000263,7189.3,AORD,AORD,68.39999999999964,81.5,7135.240000000001,7118.08,7065.320000000001,7031.413333333333,1553.9580000224537,9013.425999988098,7676.946712646356
1970-01-01 00:00:00.000000264,7158.8,AORD,AORD,39.600000000000364,45.0,7140.24,7124.87,7071.893333333334,7038.183333333333,1660.9580000224905,9589.437809511859,7991.424885060185
1970-01-01 00:00:00.000000265,7155.5,AORD,AORD,-30.5,72.89999999999964,7146.92,7136.63,7087.753333333333,7047.320000000001,1581.1320000225471,8118.7626666546,7532.03958620966
1970-01-01 00:00:00.000000266,7064.0,AORD,AORD,-3.300000000000182,44.399999999999636,7143.459999999999,7131.740000000001,7100.626666666667,7050.1033333333335,2208.603000022521,4622.549238083065,7379.656885060252
